<?xml version="1.0" encoding="UTF-8"?>
<project-private xmlns="http://www.netbeans.org/ns/project-private/1">
    <editor-bookmarks xmlns="http://www.netbeans.org/ns/editor-bookmarks/2" lastBookmarkId="0"/>
    <open-files xmlns="http://www.netbeans.org/ns/projectui-open-files/2">
        <group>
            <file>file:/C:/xampp/htdocs/CAP/app/bases/vistas/formModificarProcedimiento.php</file>
            <file>file:/C:/xampp/htdocs/CAP/app/bases/js/BuscarProcedimiento.js</file>
            <file>file:/C:/xampp/htdocs/CAP/app/bases/vistas/formBuscarProcedimiento.php</file>
            <file>file:/C:/xampp/htdocs/CAP/app/bases/vistas/procesaBuscarProcedimiento.php</file>
            <file>file:/C:/xampp/htdocs/CAP/app/bases/js/ModificarProcedimiento.js</file>
            <file>file:/C:/xampp/htdocs/CAP/app/bases/vistas/formBuscarBase.php</file>
            <file>file:/C:/xampp/htdocs/CAP/app/bases/vistas/formModificarTabla.php</file>
        </group>
    </open-files>
</project-private>
