<?xml version="1.0" encoding="UTF-8"?>
<project-private xmlns="http://www.netbeans.org/ns/project-private/1">
    <editor-bookmarks xmlns="http://www.netbeans.org/ns/editor-bookmarks/2" lastBookmarkId="0"/>
    <open-files xmlns="http://www.netbeans.org/ns/projectui-open-files/2">
        <group>
            <file>file:/C:/xampp/htdocs/CAP/app/sucursales/js/BuscarSucursal.js</file>
            <file>file:/C:/xampp/htdocs/CAP/app/sucursales/vistas/formBuscarSucursal.php</file>
            <file>file:/C:/xampp/htdocs/CAP/app/proveedores/modelos/Proveedor.php</file>
            <file>file:/C:/xampp/htdocs/CAP/app/proveedores/js/BuscarProveedor.js</file>
            <file>file:/C:/xampp/htdocs/CAP/app/proveedores/vistas/procesaBuscarProveedor.php</file>
            <file>file:/C:/xampp/htdocs/CAP/app/proveedores/modelos/Proveedores.php</file>
            <file>file:/C:/xampp/htdocs/CAP/app/proveedores/js/ModificarProveedor.js</file>
            <file>file:/C:/xampp/htdocs/CAP/app/sucursales/js/ModificarSucursal.js</file>
            <file>file:/C:/xampp/htdocs/CAP/app/proveedores/vistas/formBuscarProveedor.php</file>
        </group>
    </open-files>
</project-private>
