<?xml version="1.0" encoding="UTF-8"?>
<project-private xmlns="http://www.netbeans.org/ns/project-private/1">
    <editor-bookmarks xmlns="http://www.netbeans.org/ns/editor-bookmarks/2" lastBookmarkId="0"/>
    <open-files xmlns="http://www.netbeans.org/ns/projectui-open-files/2">
        <group>
            <file>file:/C:/xampp/htdocs/CAP/app/servicios/vistas/FBuscarServicio.php</file>
            <file>file:/C:/xampp/htdocs/CAP/app/switches/vistas/PModificarSwitch.php</file>
            <file>file:/C:/xampp/htdocs/CAP/app/servicios/vistas/PBuscarServicio.php</file>
            <file>file:/C:/xampp/htdocs/CAP/app/servicios/vistas/PCambiarEstadoServicio.php</file>
            <file>file:/C:/xampp/htdocs/CAP/app/servicios/js/BuscarServicio.js</file>
            <file>file:/C:/xampp/htdocs/CAP/app/servicios/controladores/ControladorServicio.php</file>
            <file>file:/C:/xampp/htdocs/CAP/app/servicios/modelos/Servicio.php</file>
            <file>file:/C:/xampp/htdocs/CAP/app/servicios/js/ModificarServicio.js</file>
        </group>
    </open-files>
</project-private>
