<?xml version="1.0" encoding="UTF-8"?>
<project-private xmlns="http://www.netbeans.org/ns/project-private/1">
    <editor-bookmarks xmlns="http://www.netbeans.org/ns/editor-bookmarks/2" lastBookmarkId="0"/>
    <open-files xmlns="http://www.netbeans.org/ns/projectui-open-files/2">
        <group>
            <file>file:/C:/xampp/htdocs/CAP/app/gerencias/modelos/Empleado.php</file>
            <file>file:/C:/xampp/htdocs/CAP/app/gerencias/vistas/FCrearGerencia.php</file>
            <file>file:/C:/xampp/htdocs/CAP/app/gerencias/vistas/PCrearEmpleado.php</file>
            <file>file:/C:/xampp/htdocs/CAP/app/gerencias/controladores/ControladorEmpleado.php</file>
            <file>file:/C:/xampp/htdocs/CAP/app/gerencias/vistas/PSeleccionarDepartamento.php</file>
            <file>file:/C:/xampp/htdocs/CAP/app/gerencias/vistas/FCrearEmpleado.php</file>
            <file>file:/C:/xampp/htdocs/CAP/app/lenguajes/vistas/PCrearLenguaje.php</file>
            <file>file:/C:/xampp/htdocs/CAP/app/gerencias/js/CrearEmpleado.js</file>
        </group>
    </open-files>
</project-private>
