<?xml version="1.0" encoding="UTF-8"?>
<project-private xmlns="http://www.netbeans.org/ns/project-private/1">
    <editor-bookmarks xmlns="http://www.netbeans.org/ns/editor-bookmarks/2" lastBookmarkId="2">
        <file>
            <url>app/modelo/Conexion.php</url>
            <bookmark id="1">
                <name/>
                <line>77</line>
                <key/>
            </bookmark>
        </file>
        <file>
            <url>app/repositorio/RPermiso.php</url>
            <bookmark id="2">
                <name/>
                <line>63</line>
                <key/>
            </bookmark>
        </file>
    </editor-bookmarks>
    <open-files xmlns="http://www.netbeans.org/ns/projectui-open-files/2">
        <group>
            <file>file:/C:/xampp/htdocs/Tempus/app/js/BuscarMesa.js</file>
            <file>file:/C:/xampp/htdocs/Tempus/api/listar_cursada.php</file>
            <file>file:/C:/xampp/htdocs/Tempus/api/listar_asignaturas_cursada.php</file>
            <file>file:/C:/xampp/htdocs/Tempus/api/listar_carreras_mesa.php</file>
            <file>file:/C:/xampp/htdocs/Tempus/api/listar_asignaturas_mesa.php</file>
            <file>file:/C:/xampp/htdocs/Tempus/api/listar_mesa.php</file>
            <file>file:/C:/xampp/htdocs/Tempus/api/listar_carreras_cursada.php</file>
        </group>
    </open-files>
</project-private>
