<?xml version="1.0" encoding="UTF-8"?>
<project-private xmlns="http://www.netbeans.org/ns/project-private/1">
    <editor-bookmarks xmlns="http://www.netbeans.org/ns/editor-bookmarks/2" lastBookmarkId="0"/>
    <open-files xmlns="http://www.netbeans.org/ns/projectui-open-files/2">
        <group>
            <file>file:/C:/xampp/htdocs/TempusV7/app/mesa/modelo/MesaExamen.php</file>
            <file>file:/C:/xampp/htdocs/TempusV7/app/mesa/modelo/ColeccionLlamados.php</file>
            <file>file:/C:/xampp/htdocs/TempusV7/app/mesa/modelo/ColeccionMesasExamen.php</file>
            <file>file:/C:/xampp/htdocs/TempusV7/app/docente/modelo/ColeccionDocentes.php</file>
            <file>file:/C:/xampp/htdocs/TempusV7/app/mesa/modelo/ColeccionTribunales.php</file>
        </group>
    </open-files>
</project-private>
