<?xml version="1.0" encoding="UTF-8"?>
<project-private xmlns="http://www.netbeans.org/ns/project-private/1">
    <editor-bookmarks xmlns="http://www.netbeans.org/ns/editor-bookmarks/2" lastBookmarkId="0"/>
    <open-files xmlns="http://www.netbeans.org/ns/projectui-open-files/2">
        <group>
            <file>file:/C:/xampp/htdocs/TempusV7/app/cursada/vista/FormCrearCursada.php</file>
            <file>file:/C:/xampp/htdocs/TempusV7/app/plan/vista/ProcesarSeleccionarPlanSinCursada.php</file>
            <file>file:/C:/xampp/htdocs/TempusV7/app/asignatura/vista/ProcesarSeleccionarAsignaturaCarrera.php</file>
            <file>file:/C:/xampp/htdocs/TempusV7/app/plan/modelo/ColeccionPlanes.php</file>
            <file>file:/C:/xampp/htdocs/TempusV7/app/cursada/js/CrearCursada.js</file>
            <file>file:/C:/xampp/htdocs/TempusV7/logs/ERRORES_2020_05_18.txt</file>
        </group>
    </open-files>
</project-private>
