<?xml version="1.0" encoding="UTF-8"?>
<project-private xmlns="http://www.netbeans.org/ns/project-private/1">
    <editor-bookmarks xmlns="http://www.netbeans.org/ns/editor-bookmarks/2" lastBookmarkId="0"/>
    <open-files xmlns="http://www.netbeans.org/ns/projectui-open-files/2">
        <group>
            <file>file:/C:/xampp/htdocs/GestionCalidad/app/dominio/Carrera.php</file>
            <file>file:/C:/xampp/htdocs/GestionCalidad/app/principal/modelos/Conexion.php</file>
            <file>file:/C:/xampp/htdocs/GestionCalidad/app/mapper/Mapper.php</file>
            <file>file:/C:/xampp/htdocs/GestionCalidad/app/dominio/Asignatura.php</file>
            <file>file:/C:/xampp/htdocs/GestionCalidad/app/mapper/AsignaturaMapper.php</file>
        </group>
    </open-files>
</project-private>
