

{
	"sProcessing":     "Procesando...",
	"sLengthMenu":     "Mostrar _MENU_ registros",
	"sZeroRecords":    "No se encontraron resultados",
	"sEmptyTable":     "Ningún dato disponible en esta tabla",
	"sInfo":           " _TOTAL_ Registros",
	"sInfoEmpty":      "Mostrando registros del 0 al 0 de un total de 0 registros",
	"sInfoFiltered":   "(filtrado de un total de _MAX_ registros)",
	"sInfoPostFix":    "",
	"sSearch":         "Filtrar:",
	"sUrl":            "",
	"sInfoThousands":  ",",
	"sLoadingRecords": "Cargando...",
	"oPaginate": {
		"sFirst":    "Primero",
		"sLast":     "Último",
		"sNext":     "Siguiente",
		"sPrevious": "Anterior"
	},
	"oAria": {
		"sSortAscending":  ": Activar para ordenar la columna de manera ascendente",
		"sSortDescending": ": Activar para ordenar la columna de manera descendente"
	}
}